<?xml version="1.0" encoding="utf-8" ?>
<dwsync>
<file name="header_bg.png" server="C:/AppServ/www" local="129464984560000000" remote="129464984560000000" Dst="0" />
<file name="header_shadow.png" server="C:/AppServ/www" local="129464993200000000" remote="129464993200000000" Dst="0" />
<file name="secondary_bar.png" server="C:/AppServ/www" local="129465162300000000" remote="129465162300000000" Dst="0" />
<file name="icn_user.png" server="C:/AppServ/www" local="129465026500000000" remote="129465026500000000" Dst="0" />
<file name="icn_logout.png" server="C:/AppServ/www" local="129465030160000000" remote="129465030160000000" Dst="0" />
<file name="secondary_bar_shadow.png" server="C:/AppServ/www" local="129465163220000000" remote="129465163220000000" Dst="0" />
<file name="breadcrumb_divider.png" server="C:/AppServ/www" local="129465147420000000" remote="129465147420000000" Dst="0" />
<file name="sidebar.png" server="C:/AppServ/www" local="129464985140000000" remote="129464985140000000" Dst="0" />
<file name="sidebar_divider.png" server="C:/AppServ/www" local="129465031780000000" remote="129465031780000000" Dst="0" />
<file name="header_bg.png" server="C:/AppServ/www/contabilidad/" local="129464984560000000" remote="129464984560000000" Dst="0" />
<file name="header_shadow.png" server="C:/AppServ/www/contabilidad/" local="129464993200000000" remote="129464993200000000" Dst="0" />
<file name="secondary_bar.png" server="C:/AppServ/www/contabilidad/" local="129465162300000000" remote="129465162300000000" Dst="0" />
<file name="icn_user.png" server="C:/AppServ/www/contabilidad/" local="129465026500000000" remote="129465026500000000" Dst="0" />
<file name="icn_logout.png" server="C:/AppServ/www/contabilidad/" local="129465030160000000" remote="129465030160000000" Dst="0" />
<file name="secondary_bar_shadow.png" server="C:/AppServ/www/contabilidad/" local="129465163220000000" remote="129465163220000000" Dst="0" />
<file name="breadcrumb_divider.png" server="C:/AppServ/www/contabilidad/" local="129465147420000000" remote="129465147420000000" Dst="0" />
<file name="sidebar.png" server="C:/AppServ/www/contabilidad/" local="129464985140000000" remote="129464985140000000" Dst="0" />
<file name="sidebar_divider.png" server="C:/AppServ/www/contabilidad/" local="129465031780000000" remote="129465031780000000" Dst="0" />
</dwsync>